 -0.104,0.043,0.987,-0.08,1.87,2.00
 -0.105,0.042,0.992,-1.32,2.87,1.02
 -0.103,0.042,0.992,0.06,1.59,1.57
 -0.107,0.043,0.992,0.17,1.43,1.70
 -0.111,0.041,0.993,-1.27,1.93,-0.02
 -0.107,0.039,0.994,-1.89,0.82,1.70
 -0.112,0.036,0.992,-2.93,0.45,1.84
 -0.110,0.040,0.994,-1.32,-1.00,-1.98
 -0.107,0.038,0.991,-1.92,0.04,-6.86
 -0.109,0.041,0.993,-0.49,0.40,-1.82
 -0.106,0.036,0.992,-1.99,-0.92,0.50
 -0.105,0.039,0.993,1.75,-1.77,0.37
 -0.109,0.040,0.992,1.67,-0.14,4.26
 -0.110,0.038,0.991,-0.36,-0.53,-0.39
 -0.107,0.040,0.990,-0.74,-0.13,-1.14
 -0.112,0.043,0.991,0.21,2.21,-0.31
 -0.107,0.040,0.993,-0.24,1.01,-2.11
 -0.106,0.040,0.992,-1.41,0.55,-4.99
 -0.109,0.038,0.994,-1.55,1.91,-1.16
 -0.109,0.043,0.991,-1.16,0.50,-1.21
 -0.106,0.037,0.988,-1.45,-1.11,-0.63
 -0.107,0.038,0.994,-1.65,0.67,2.25
 -0.109,0.036,0.993,-1.23,-0.39,0.01
 -0.107,0.034,0.989,-2.11,-1.54,1.00
 -0.109,0.037,0.991,-0.94,0.64,1.48
 -0.110,0.036,0.991,1.11,0.47,1.50
 -0.110,0.034,0.991,-0.27,-0.52,1.71
 -0.108,0.037,0.992,0.16,0.53,3.07
 -0.106,0.036,0.991,-1.17,1.35,-0.07
 -0.108,0.037,0.990,-3.17,0.55,-3.80
 -0.108,0.035,0.992,-1.18,-1.21,-0.64
 -0.112,0.034,0.991,1.33,0.32,1.25
 -0.109,0.038,0.992,0.94,-1.15,3.95
 -0.108,0.031,0.990,-0.96,0.60,-1.71
 -0.107,0.032,0.992,-0.59,-0.97,-1.67
 -0.107,0.034,0.991,-1.93,-2.00,0.46
 -0.105,0.030,0.991,0.85,-1.94,-1.50
 -0.107,0.031,0.994,-1.30,-2.02,-1.69
 -0.106,0.030,0.992,-0.97,-0.96,-0.94
 -0.104,0.027,0.988,-1.88,-0.01,1.87
 -0.106,0.031,0.989,-0.20,0.22,-0.18
 -0.104,0.026,0.992,-0.40,-0.90,2.14
 -0.108,0.028,0.992,2.37,0.83,-2.19
 -0.103,0.029,0.992,0.57,-0.49,-3.98
 -0.105,0.029,0.995,-0.66,-3.40,-0.84
 -0.099,0.031,0.992,1.98,-0.29,-1.86
 -0.105,0.031,0.994,0.50,-1.38,0.91
 -0.103,0.031,0.993,1.26,0.54,0.54
 -0.106,0.028,0.990,-0.85,2.84,-5.12
 -0.104,0.030,0.993,1.81,-0.46,-0.14
 -0.103,0.033,0.991,1.87,-0.69,3.06
 -0.100,0.028,0.991,-3.24,-2.53,-0.82
 -0.094,0.024,0.987,-4.81,-3.26,0.94
 -0.076,0.006,0.978,-11.23,-5.84,0.62
 -0.082,-0.015,1.010,-29.61,-12.20,0.14
 -0.039,-0.100,1.024,-43.30,-29.10,3.12
 -0.049,-0.121,0.985,-65.39,-8.44,-2.96
 -0.061,-0.177,1.008,-77.62,13.95,-9.64
 -0.077,-0.242,0.980,-64.62,4.36,0.78
 -0.063,-0.299,0.946,-42.20,-0.52,5.28
 -0.061,-0.311,0.962,-27.57,5.37,3.09
 -0.078,-0.324,0.940,-23.57,5.10,2.77
 -0.081,-0.337,0.949,-14.63,4.01,4.39
 -0.086,-0.337,0.948,2.57,0.97,-1.42
 -0.085,-0.314,0.964,22.11,-4.78,-3.65
 -0.095,-0.281,0.948,42.49,3.77,-4.75
 -0.077,-0.268,0.940,30.94,3.40,-1.54
 -0.093,-0.239,0.958,15.21,1.98,-3.05
 -0.092,-0.236,0.963,7.61,2.47,-0.73
 -0.091,-0.234,0.967,2.24,1.10,2.88
 -0.099,-0.227,0.968,1.71,-2.84,1.72
 -0.093,-0.226,0.970,5.90,-1.52,-0.56
 -0.097,-0.220,0.971,5.98,0.69,-1.85
 -0.099,-0.208,0.982,10.58,3.54,-0.92
 -0.101,-0.210,0.968,11.76,1.25,-1.87
 -0.092,-0.207,0.967,4.98,1.53,-1.43
 -0.100,-0.189,0.974,0.57,2.79,-0.20
 -0.102,-0.200,0.973,-6.16,-0.06,-0.57
 -0.091,-0.204,0.978,-6.00,1.84,-0.53
 -0.101,-0.202,0.981,-3.30,-1.78,-4.05
 -0.099,-0.205,0.973,-0.49,1.59,-2.27
 -0.103,-0.196,0.980,1.30,0.43,-2.06
 -0.099,-0.194,0.976,7.29,0.48,2.70
 -0.102,-0.166,0.983,27.64,4.72,-1.31
 -0.113,-0.123,1.004,48.41,15.92,-4.40
 -0.135,-0.088,0.967,59.05,13.18,-7.04
 -0.138,-0.025,0.974,65.32,10.77,-3.39
 -0.154,0.047,1.000,87.71,13.20,-4.31
 -0.168,0.092,0.974,81.15,13.82,-0.80
 -0.155,0.132,0.959,35.08,7.71,-2.10
 -0.173,0.166,0.977,18.77,8.36,-5.02
 -0.197,0.205,0.971,31.13,8.70,-2.80
 -0.201,0.220,0.956,40.96,6.40,-1.55
 -0.210,0.253,0.954,35.10,-1.68,3.97
 -0.194,0.263,0.931,21.31,0.21,0.57
 -0.184,0.268,0.934,1.68,-1.51,2.61
 -0.169,0.204,0.924,-50.41,-6.39,5.97
 -0.142,0.072,0.890,-160.69,-39.65,12.67
 -0.124,0.019,1.047,-178.35,-26.85,-1.86
 -0.126,-0.149,0.973,-129.62,-16.18,-0.89
 -0.102,-0.275,0.959,-130.60,15.98,-0.26
 -0.159,-0.332,0.961,-93.36,17.49,-2.34
 -0.146,-0.369,0.916,-19.19,-8.39,0.73
 -0.142,-0.324,1.025,60.09,-19.31,0.13
 -0.122,-0.280,0.963,144.95,2.04,-2.62
 -0.122,-0.103,0.961,170.66,14.46,-13.28
 -0.112,0.025,0.968,125.74,6.81,-6.85
 -0.121,0.132,0.998,105.64,19.46,-9.56
 -0.149,0.223,0.955,99.40,21.84,-12.52
 -0.194,0.269,0.922,68.95,18.15,-3.75
 -0.184,0.300,0.905,16.33,5.48,-0.67
 -0.184,0.250,0.894,-36.34,-7.93,10.34
 -0.103,0.131,0.894,-148.15,-19.69,-6.77
 -0.167,-0.012,0.997,-217.49,-22.99,-2.38
 -0.107,-0.276,0.926,-191.56,-11.34,-4.74
 -0.127,-0.381,0.971,-97.06,2.39,-7.40
 -0.123,-0.394,0.917,-36.02,-4.34,-2.41
 -0.114,-0.397,0.932,-4.67,-1.12,-7.96
 -0.124,-0.354,0.980,45.46,-9.76,-10.32
 -0.168,-0.247,0.984,140.27,8.75,-2.31
 -0.116,-0.100,0.988,185.99,14.43,-1.86
 -0.083,-0.001,0.983,141.40,8.64,-7.38
 -0.154,0.141,0.982,112.49,21.14,-12.20
 -0.166,0.214,0.974,103.68,33.80,1.34
 -0.192,0.292,0.954,86.14,21.28,2.23
 -0.210,0.296,0.900,39.14,9.38,4.28
 -0.216,0.331,0.912,-9.64,2.19,4.82
 -0.208,0.238,0.903,-80.34,0.31,13.66
 -0.159,0.129,0.898,-172.04,-11.76,-5.11
 -0.190,-0.026,1.023,-183.92,-33.14,-15.06
 -0.152,-0.276,0.967,-132.41,-13.55,1.14
 -0.123,-0.350,0.901,-68.56,0.67,-2.35
 -0.150,-0.382,0.952,-55.31,0.97,0.34
 -0.139,-0.411,0.900,-19.04,-6.59,2.10
 -0.116,-0.399,0.957,24.93,-4.85,-6.89
 -0.160,-0.338,1.009,87.29,-1.38,7.16
 -0.109,-0.250,0.877,138.57,12.19,15.40
 -0.108,-0.168,1.018,110.79,14.02,2.61
 -0.170,-0.005,0.992,105.01,13.08,-4.69
 -0.146,0.046,0.967,89.23,10.50,-4.49
 -0.188,0.130,0.963,76.76,12.98,-9.14
 -0.188,0.163,0.963,59.50,6.01,1.56
 -0.173,0.209,0.951,52.53,8.95,4.70
 -0.211,0.237,0.942,32.45,4.60,2.95
 -0.161,0.225,0.955,-16.15,0.01,14.31
 -0.124,0.164,0.930,-80.43,-13.41,2.85
 -0.164,0.077,0.995,-155.86,-16.00,-13.89
 -0.196,-0.103,0.949,-167.42,-0.91,-9.01
 -0.157,-0.212,0.999,-139.77,-1.89,-9.65
 -0.159,-0.308,0.943,-120.18,-16.33,-3.11
 -0.139,-0.400,0.933,-92.07,-6.16,-2.76
 -0.150,-0.424,0.919,-45.22,1.62,-1.19
 -0.135,-0.442,0.896,-1.96,-10.46,-7.03
 -0.121,-0.401,0.967,51.66,-18.46,-8.71
 -0.154,-0.310,0.948,138.45,-5.77,-5.69
 -0.082,-0.208,0.933,169.60,13.78,-3.44
 -0.118,-0.057,0.990,128.28,10.39,-5.96
 -0.146,0.046,0.979,92.88,10.87,-1.54
 -0.156,0.114,0.995,76.36,15.23,3.17
 -0.172,0.168,0.964,70.61,17.76,7.80
 -0.172,0.192,0.931,48.17,14.44,1.20
 -0.176,0.213,0.938,12.28,8.34,0.92
 -0.176,0.209,0.940,-13.79,3.94,-3.49
 -0.169,0.159,0.875,-74.69,0.64,-6.06
 -0.185,0.035,1.007,-166.29,-16.88,-11.82
 -0.200,-0.096,1.004,-154.05,-21.30,-5.83
 -0.144,-0.232,0.957,-127.38,-12.26,2.12
 -0.149,-0.314,0.957,-108.11,-18.44,1.58
 -0.128,-0.378,0.966,-76.99,-16.77,4.24
 -0.114,-0.399,0.918,-16.12,-3.60,-0.15
 -0.119,-0.375,0.925,12.15,-5.23,-4.69
 -0.146,-0.322,1.024,65.56,7.50,-3.24
 -0.116,-0.271,0.933,110.50,6.39,-1.92
 -0.152,-0.131,0.970,92.98,6.28,1.13
 -0.134,-0.080,0.985,36.73,9.00,2.66
 -0.142,-0.079,0.964,22.25,4.92,-3.36
 -0.151,-0.069,0.983,10.95,2.61,-3.55
 -0.150,-0.068,0.982,-0.11,0.13,-4.84
 -0.154,-0.076,0.976,-7.62,0.80,-3.29
 -0.157,-0.071,0.996,-9.05,0.52,1.84
 -0.146,-0.082,0.986,-6.81,1.14,-4.83
 -0.155,-0.089,0.987,-7.53,-1.28,-2.35
 -0.154,-0.100,0.982,-6.12,-2.59,-2.44
 -0.142,-0.091,0.997,-2.09,-0.91,1.05
 -0.148,-0.095,0.993,0.01,-1.08,2.22
 -0.138,-0.099,0.988,2.04,-0.57,0.50
 -0.140,-0.098,0.986,-0.63,1.08,-1.83
 -0.142,-0.097,0.984,0.44,-0.35,1.53
 -0.137,-0.102,0.987,0.94,0.29,0.34
 -0.137,-0.103,0.983,2.69,-1.81,2.62
 -0.135,-0.097,0.993,0.44,-4.89,0.83
 -0.125,-0.103,0.983,1.13,-4.44,4.53
 -0.125,-0.099,0.985,-2.42,-6.52,3.55
 -0.122,-0.096,0.993,3.11,-14.79,5.94
 -0.072,-0.094,0.982,0.82,-62.29,2.56
 -0.009,-0.100,1.007,-1.21,-79.71,0.38
 0.080,-0.105,0.983,0.07,-63.14,-0.04
 0.104,-0.115,0.981,1.53,-41.48,2.90
 0.066,-0.083,0.991,-5.12,40.95,8.55
 -0.026,-0.098,1.011,1.93,137.20,12.48
 -0.174,-0.128,0.939,-7.89,162.54,0.82
 -0.298,-0.068,0.951,-8.23,118.77,-18.11
 -0.383,-0.116,0.931,-4.24,87.20,-19.53
 -0.414,-0.104,0.936,2.04,24.12,5.03
 -0.385,-0.114,0.916,3.88,-4.11,10.73
 -0.363,-0.104,0.933,4.24,-46.92,14.77
 -0.203,-0.103,0.941,4.56,-144.40,16.00
 -0.122,-0.107,0.994,0.60,-140.33,2.96
 -0.024,-0.086,0.994,-2.26,-122.36,3.85
 0.091,-0.107,0.971,6.23,-116.14,14.96
 0.166,-0.116,0.967,2.99,-61.18,4.28
 0.170,-0.083,0.990,0.30,-38.06,1.32
 0.199,-0.104,0.961,1.03,-13.85,-0.07
 0.195,-0.108,0.963,1.84,14.83,-1.08
 0.069,-0.102,0.978,11.96,108.65,11.49
 -0.065,0.011,0.989,23.06,266.32,18.93
 -0.261,-0.058,0.988,9.94,182.15,-1.25
 -0.433,-0.054,0.891,4.95,115.81,-10.98
 -0.458,-0.047,0.916,5.12,51.47,-10.54
 -0.455,-0.036,0.904,5.67,-5.11,-0.34
 -0.417,-0.054,0.906,0.14,-48.39,3.38
 -0.273,-0.047,0.972,-10.24,-160.29,-1.07
 -0.058,-0.106,0.983,-23.86,-237.09,13.25
 0.042,-0.103,0.967,-15.64,-134.02,2.17
 0.086,-0.083,1.011,-12.48,-94.09,3.05
 0.204,-0.145,0.928,-2.25,-69.82,0.60
 0.213,-0.111,0.964,-0.94,-21.73,-2.91
 0.209,-0.098,0.975,1.49,-5.24,-0.28
 0.205,-0.111,0.956,4.24,1.72,-2.50
 0.210,-0.097,0.973,0.90,11.44,2.89
 0.167,-0.106,0.965,5.18,33.09,-2.38
 0.098,-0.086,0.999,17.07,116.51,7.57
 -0.012,-0.030,1.013,18.53,116.67,9.05
 -0.098,-0.049,0.987,15.17,116.06,6.19
 -0.293,-0.031,0.948,13.92,108.21,0.86
 -0.372,-0.051,0.927,13.19,121.70,-14.04
 -0.479,-0.008,0.878,15.10,107.10,-13.59
 -0.509,-0.011,0.866,3.71,62.85,-15.20
 -0.553,-0.019,0.841,-8.92,13.16,-5.17
 -0.484,-0.047,0.877,-22.80,-57.86,-0.77
 -0.392,-0.041,0.957,-31.40,-180.77,15.16
 -0.179,-0.112,0.958,-24.17,-196.99,18.23
 -0.066,-0.096,1.008,-10.79,-167.39,19.61
 0.064,-0.101,0.970,-4.07,-134.95,15.42
 0.170,-0.072,0.975,-2.25,-77.21,5.72
 0.193,-0.103,0.983,-7.93,-65.93,15.68
 0.220,-0.124,0.947,0.18,-32.99,5.58
 0.246,-0.126,0.938,2.87,3.57,-4.66
 0.213,-0.096,0.973,4.24,19.56,-7.00
 0.176,-0.120,0.953,10.38,46.03,-9.37
 0.113,-0.085,0.991,23.57,123.54,-6.59
 -0.032,-0.056,0.982,20.59,161.86,-9.84
 -0.193,-0.041,0.992,18.05,176.76,-12.53
 -0.334,-0.021,0.932,11.56,131.14,-13.90
 -0.363,-0.045,0.926,11.90,98.47,-17.10
 -0.471,-0.014,0.903,2.52,66.71,-17.62
 -0.483,-0.026,0.894,-2.94,30.94,-7.62
 -0.487,-0.038,0.865,-1.57,6.47,-2.38
 -0.489,-0.041,0.868,-4.82,-8.23,2.99
 -0.448,-0.046,0.906,-6.61,-48.76,-4.69
 -0.374,-0.053,0.925,-1.46,-95.55,-0.71
 -0.298,-0.018,0.952,1.09,-135.68,13.45
 -0.119,-0.078,0.983,-4.94,-97.71,4.55
 -0.127,-0.044,0.998,-4.18,-70.76,-5.47
 -0.067,-0.041,0.994,2.99,-71.12,-2.67
 0.015,-0.057,0.981,2.48,-49.79,2.88
 0.021,-0.048,1.000,-2.61,-37.64,-2.74
 0.052,-0.063,0.982,-7.87,-27.72,-4.39
 0.068,-0.067,0.988,-8.47,-4.90,-0.59
 0.050,-0.062,0.992,-4.88,9.58,-3.64
 0.049,-0.062,1.002,-0.74,11.72,-4.44
 0.018,-0.048,0.993,-3.44,12.68,-10.91
 0.024,-0.064,0.994,0.40,10.01,-6.11
 0.013,-0.066,0.996,-3.20,3.77,-4.90
 0.009,-0.062,0.996,-0.90,5.94,-4.20
 0.001,-0.063,0.996,-0.44,7.97,-0.00
 -0.022,-0.053,1.002,-3.26,8.23,11.61
 -0.035,-0.054,1.012,1.50,20.62,41.15
 -0.039,-0.069,0.967,2.29,43.40,66.60
 -0.080,-0.061,1.015,2.60,26.46,73.03
 -0.063,-0.055,1.042,0.99,7.45,71.39
 -0.088,-0.027,0.981,4.31,-1.31,52.89
 -0.070,-0.046,0.997,-2.22,-4.46,42.19
 -0.097,-0.038,0.990,-5.99,-4.88,40.07
 -0.074,-0.050,0.993,-5.87,-5.44,37.89
 -0.075,-0.023,0.992,-4.50,-4.14,46.84
 -0.087,-0.041,0.992,-3.10,-2.83,52.65
 -0.080,-0.042,1.001,-4.88,0.96,49.86
 -0.073,-0.041,1.003,-4.45,4.77,45.57
 -0.072,-0.042,1.006,-3.02,5.01,28.74
 -0.084,-0.040,0.995,-0.68,3.24,21.96
 -0.114,-0.032,0.987,0.37,4.79,15.30
 -0.117,-0.038,0.987,1.15,3.14,18.11
 -0.088,-0.034,0.992,4.64,1.71,11.47
 -0.096,-0.043,0.991,0.73,1.71,4.78
 -0.111,-0.050,0.978,-3.75,1.30,4.47
 -0.099,-0.071,0.987,-23.04,-0.39,-5.21
 -0.089,-0.086,1.009,-40.41,-13.44,-11.56
 -0.028,-0.153,0.993,-47.80,-44.03,5.43
 -0.031,-0.192,0.977,-62.34,-13.71,1.65
 -0.012,-0.243,0.957,-61.60,2.57,-4.89
 -0.020,-0.382,0.944,-63.77,6.45,-18.15
 -0.052,-0.339,0.955,-31.70,16.74,-8.70
 -0.061,-0.346,0.960,-3.97,18.43,-7.98
 -0.058,-0.310,0.987,28.79,-3.72,-11.02
 -0.030,-0.276,0.984,69.03,-22.63,-11.83
 -0.029,-0.192,0.979,81.43,-18.99,-15.86
 -0.001,-0.146,0.975,78.98,-10.37,-6.47
 0.014,-0.066,0.990,82.03,6.56,3.57
 -0.005,0.037,0.998,90.31,14.77,-9.31
 -0.011,-0.003,0.960,58.43,11.66,-23.67
 -0.051,0.118,0.956,28.56,8.10,-19.13
 -0.048,0.126,0.994,13.52,3.58,-11.56
 -0.060,0.117,0.968,6.71,3.41,-2.98
 -0.054,0.138,0.991,2.11,0.40,-2.13
 -0.056,0.127,0.985,2.46,-0.31,-1.15
 -0.057,0.122,0.988,-4.88,6.21,-2.65
 -0.063,0.109,0.984,-9.82,0.97,9.22
 -0.058,0.116,0.999,-12.73,-0.37,11.25
 -0.057,0.094,0.995,-14.74,-2.86,26.51
 -0.041,0.076,0.980,-16.18,0.97,39.57
 -0.033,0.068,1.011,-15.66,10.73,41.92
 -0.008,0.042,0.970,0.52,6.78,4.15
 -0.004,0.031,1.003,-5.49,-0.11,-108.51
 -0.099,0.090,1.001,10.29,11.31,-143.70
 -0.160,0.072,0.989,21.39,10.53,-139.75
 -0.095,0.063,0.988,17.11,10.51,-119.40
 -0.168,0.068,0.959,12.61,9.24,-81.61
 -0.171,0.108,1.007,7.33,12.43,-64.70
 -0.142,0.062,0.975,3.38,3.37,-48.74
 -0.146,0.073,0.967,0.89,-14.33,-42.04
 -0.143,0.049,0.966,-5.76,-18.96,-41.39
 -0.104,0.032,0.959,-9.49,-15.85,-49.59
 -0.104,0.027,0.996,-9.20,-2.02,-42.97
 -0.122,0.006,0.983,-9.00,-4.03,-40.83
 -0.148,0.012,1.012,-12.84,-4.20,-34.78
 -0.131,-0.009,0.993,-9.74,0.37,-27.48
 -0.151,-0.012,1.003,-4.51,15.72,-22.26
 -0.140,-0.018,1.008,-2.71,17.78,-15.47
 -0.158,-0.019,0.989,-3.60,12.69,-8.66
 -0.157,-0.026,0.971,3.84,7.04,-5.69
 -0.189,-0.027,0.970,6.25,3.57,-2.50
 -0.174,-0.021,0.989,-0.82,3.83,-3.74
 -0.183,-0.033,0.974,-11.33,-5.07,-3.10
 -0.149,-0.055,0.953,-20.47,-25.05,-6.62
 -0.132,-0.096,0.967,-50.27,-27.14,-3.73
 -0.096,-0.183,0.946,-99.93,-34.40,4.22
 -0.112,-0.240,1.062,-94.27,-8.01,7.89
 -0.103,-0.303,0.953,-42.83,20.96,10.83
 -0.146,-0.297,0.976,-1.34,28.04,3.81
 -0.182,-0.274,0.979,34.14,31.02,10.20
 -0.185,-0.239,0.926,47.40,32.03,12.85
 -0.225,-0.182,0.929,63.59,19.36,16.07
 -0.257,-0.125,0.972,59.73,-1.93,26.42
 -0.198,-0.077,0.974,49.61,-8.91,28.67
 -0.211,-0.027,0.972,40.02,-9.59,20.99
 -0.202,-0.011,0.984,14.98,-6.59,5.58
 -0.184,-0.018,0.970,3.52,3.74,-0.12
 -0.227,-0.038,0.976,-1.40,35.61,-2.07
 -0.288,-0.018,0.965,-6.99,102.09,7.05
 -0.377,-0.013,0.928,-3.23,104.76,4.69
 -0.468,-0.021,0.902,0.92,104.86,-7.22
 -0.546,-0.001,0.811,14.96,67.24,-9.67
 -0.544,0.003,0.843,5.43,17.09,-2.10
 -0.542,-0.003,0.822,1.40,9.10,3.31
 -0.562,0.012,0.836,1.01,2.57,4.94
 -0.546,0.016,0.842,-1.00,-29.47,8.34
 -0.496,0.011,0.869,-1.38,-96.90,13.60
 -0.348,0.008,0.937,-6.01,-110.82,13.77
 -0.289,0.023,0.936,-7.27,-104.05,11.91
 -0.259,0.018,0.969,-4.27,-78.26,9.21
 -0.154,0.003,0.987,0.01,-48.03,0.51
 -0.173,0.017,0.990,1.31,-26.08,-3.64
 -0.125,0.008,0.982,1.92,-24.13,-1.49
 -0.133,0.023,0.989,2.72,-15.38,5.14
 -0.128,0.019,0.993,-3.09,-21.49,16.48
 -0.086,0.018,0.996,-11.19,-11.22,27.25
 -0.087,0.000,0.999,-17.17,-6.25,39.67
 -0.075,-0.008,1.007,-13.57,-21.11,53.94
 -0.007,-0.038,0.977,-13.44,-9.16,37.82
 -0.057,-0.039,0.988,-14.56,-8.36,17.33
 -0.059,-0.058,0.985,-18.57,-20.72,22.58
 0.008,-0.086,0.987,-28.37,-30.69,31.03
 0.020,-0.086,1.019,-28.13,-44.93,18.35
 0.051,-0.120,0.983,-16.56,-35.97,7.54
 0.068,-0.129,0.982,-5.34,-21.87,6.56
 0.072,-0.117,0.985,2.67,2.32,4.25
 0.058,-0.107,1.000,6.22,11.33,16.80
 0.046,-0.107,0.999,14.85,18.64,23.00
 0.057,-0.100,0.974,19.65,25.00,18.15
 0.036,-0.085,0.978,18.56,24.48,1.96
 -0.027,-0.053,0.995,16.55,22.87,-12.59
 -0.030,-0.035,0.987,15.12,15.88,-17.56
 -0.068,-0.056,0.977,8.83,12.20,7.49
 -0.072,-0.045,0.978,-1.05,7.92,45.81
 -0.099,-0.016,1.010,4.44,24.36,101.29
 -0.088,-0.012,0.992,27.21,14.60,113.24
 -0.084,0.030,1.009,24.19,14.43,77.61
 -0.079,0.040,1.017,11.64,-3.97,86.03
 -0.148,0.036,0.983,-6.77,6.72,84.40
 0.012,0.006,1.180,-52.96,-5.85,100.59
 -0.062,-0.028,1.015,-38.97,-11.68,90.68
 -0.097,-0.045,0.943,-25.04,-5.23,72.02
 -0.072,-0.062,1.009,-35.57,-14.86,67.02
 -0.096,-0.070,0.984,-27.69,-12.78,80.71
 -0.041,-0.075,1.024,-16.63,-10.77,70.69
 -0.089,-0.094,0.970,-3.46,-16.67,65.48
 -0.048,-0.089,0.911,3.39,-14.78,77.64
 -0.051,-0.068,0.970,7.65,-0.94,47.13
 -0.062,-0.052,0.998,11.09,-4.17,57.25
 -0.092,-0.050,0.971,19.96,-3.54,62.67
 -0.024,-0.018,1.020,10.69,9.61,61.39
 -0.055,-0.006,1.010,14.03,12.56,52.00
 -0.050,-0.007,0.991,10.30,5.92,54.76
 -0.037,0.001,0.975,15.75,18.96,45.69
 -0.083,0.029,1.021,5.26,19.42,39.62
 -0.094,0.010,0.985,2.33,17.39,43.73
 -0.125,0.039,0.966,-9.89,14.78,74.77
 -0.474,0.106,1.442,-2.84,78.76,-8.20
 -0.152,-0.013,1.000,-9.76,19.39,17.49
 -0.172,0.016,0.969,19.60,25.04,1.73
 -0.207,0.007,0.964,6.43,10.06,13.81
 -0.194,0.036,0.996,-0.77,1.46,10.73
 -0.192,0.032,0.986,1.21,4.43,4.59
 -0.187,0.025,0.976,-2.27,-5.50,-10.47
 -0.162,0.002,0.990,1.69,-2.08,-27.63
 -0.187,0.033,0.967,4.15,-16.25,-43.92
 -0.135,-0.010,0.999,12.02,-20.62,-61.09
 -0.143,0.001,0.980,2.83,-21.64,-64.86
 -0.144,0.020,0.977,11.62,-9.42,-63.37
 -0.134,0.052,1.031,16.16,-2.00,-55.16
 -0.158,0.052,0.998,29.48,16.09,-96.61
 -0.197,0.073,1.005,23.49,25.03,-79.39
 -0.251,0.043,0.977,29.03,24.85,-80.78
 -0.419,0.039,0.750,-45.43,39.77,-110.98
 -0.065,-0.133,1.047,-61.10,35.74,-98.27
 -0.258,-0.116,0.933,-21.32,-1.43,-68.42
 -0.231,-0.141,1.012,-17.05,13.98,-65.80
 -0.268,-0.118,0.981,-0.68,7.34,-71.18
 -0.217,-0.105,0.829,39.95,-49.50,-34.22
 -0.199,-0.101,0.989,34.84,-65.01,-15.09
 -0.186,-0.047,1.082,48.84,-18.63,-46.85
 -0.107,0.003,0.940,50.09,15.54,-83.26
 -0.190,0.033,0.990,31.29,19.96,-96.10
 -0.153,-0.025,1.021,24.19,-6.32,-90.64
 -0.220,-0.029,0.943,14.42,-28.14,-105.63
 -0.200,0.025,1.021,13.93,-10.87,-81.57
 -0.165,0.039,0.992,17.60,-37.89,-48.81
 -0.100,0.003,0.962,11.98,-18.67,-31.04
 -0.113,0.049,0.997,5.85,0.53,-16.59
 -0.102,0.039,0.996,1.91,-7.28,0.58
 -0.085,0.029,0.984,3.50,-4.56,-2.08
 -0.103,0.048,1.012,1.93,1.60,-9.74
 -0.086,0.032,0.990,0.22,-4.69,-15.53
 -0.098,0.050,0.998,7.16,-0.93,-20.18
 -0.086,0.024,0.974,8.11,-3.71,-12.87
 -0.089,0.067,1.006,4.77,-7.54,-12.72
 -0.070,0.053,0.977,1.75,-12.71,-8.07
 -0.053,0.059,0.997,0.02,-11.54,-2.77
 -0.047,0.025,0.989,-0.21,-13.26,4.50
 -0.041,0.052,0.997,-2.24,-9.50,-0.08
 -0.017,0.043,0.993,0.09,-4.61,-0.36
 -0.035,0.053,0.985,2.38,-2.81,0.28
 -0.037,0.053,0.997,-0.84,-2.66,-0.72
 -0.016,0.048,0.985,1.02,-1.73,1.15
 -0.022,0.060,0.999,1.39,0.11,-1.65
 -0.029,0.052,0.983,0.93,2.12,1.67
 -0.031,0.052,0.988,-0.84,8.16,3.28
 -0.040,0.053,1.005,-1.45,7.32,3.07
 -0.048,0.060,1.000,0.88,2.24,2.45
 -0.032,0.054,0.999,2.20,6.80,1.16
 -0.052,0.057,0.995,5.92,11.19,-2.45
 -0.062,0.065,0.994,3.99,13.08,2.07
 -0.077,0.066,1.000,5.57,24.75,8.35
 -0.098,0.078,0.994,5.88,24.66,9.44
 -0.134,0.086,0.990,7.53,17.29,5.18
 -0.152,0.084,0.962,6.53,25.56,5.39
 -0.194,0.101,0.960,8.44,34.92,3.80
 -0.213,0.098,0.968,4.47,34.12,-3.34
 -0.238,0.108,0.960,0.70,23.81,-7.03
 -0.272,0.093,0.942,-5.94,15.82,-3.49
 -0.272,0.109,0.988,-9.14,11.13,-0.14
 -0.271,0.068,0.962,-14.60,9.58,-1.04
 -0.284,0.053,0.949,-23.36,4.06,0.33
 -0.273,0.031,0.978,-45.37,-11.02,6.83
 -0.261,-0.010,0.939,-57.27,-8.19,7.10
 -0.241,-0.074,0.944,-64.28,-18.67,9.54
 -0.249,-0.109,0.976,-48.26,-25.80,13.16
 -0.188,-0.143,0.949,-25.59,-33.26,14.46
 -0.167,-0.182,0.971,-37.70,-35.55,7.99
 -0.152,-0.172,0.979,-22.19,-26.43,-3.64
 -0.096,-0.190,0.974,2.02,-31.57,-4.92
 -0.114,-0.167,1.006,32.18,-40.52,-8.13
 -0.072,-0.095,1.022,57.73,-32.26,-4.94
 -0.028,-0.052,1.010,62.45,-31.76,-2.37
 0.024,-0.031,0.974,61.01,-30.64,1.23
 -0.035,0.033,0.959,42.96,-9.60,-3.38
 0.023,0.042,0.967,22.94,5.66,-6.33
 -0.027,0.082,0.984,13.82,17.33,-9.07
 -0.023,0.028,0.977,-11.31,24.51,-15.60
 -0.032,0.059,1.012,-3.17,18.14,-41.09
 -0.155,0.130,1.074,2.97,-16.75,-19.87
 -0.003,0.055,0.931,33.32,-36.96,4.77
 0.065,0.111,0.968,24.23,-30.21,28.37
 0.019,0.124,0.997,37.43,-4.76,2.80
 -0.059,0.204,0.959,54.31,7.66,5.58
 -0.036,0.222,0.943,44.67,9.05,6.49
 -0.070,0.259,1.000,20.92,11.61,-0.55
 -0.102,0.220,0.861,3.05,-11.93,2.57
 -0.002,0.236,0.951,2.39,-17.99,-5.72
 -0.003,0.233,0.916,12.41,-6.56,-25.06
 -0.366,0.180,0.445,-63.78,89.69,-27.82
 -0.321,-0.092,1.407,-160.84,88.21,-88.31
 -0.096,-0.020,1.017,-29.57,-68.97,60.05
 -0.075,0.119,1.032,-8.94,-38.36,31.31
 -0.072,0.027,0.980,-1.07,-9.45,24.24
 -0.063,0.029,0.984,0.03,-0.43,9.39
 -0.067,0.018,0.986,-1.52,-0.41,-0.93
 -0.093,0.029,1.005,0.59,16.87,-8.32
 -0.034,0.029,0.972,0.36,49.72,-2.17
 -0.038,0.052,1.072,27.57,45.51,-76.63
 -0.096,0.075,0.999,8.15,7.61,3.97
 -0.274,0.001,0.918,4.44,8.74,-12.53
 -0.096,0.076,1.032,-4.08,3.85,-4.55
 -0.178,0.041,0.980,-1.50,-0.45,0.82
 -0.197,0.034,0.968,-1.15,0.39,-1.50
 -0.159,0.046,0.999,-2.76,5.10,-4.12
 -0.173,0.044,0.983,-0.18,4.72,-0.09
 -0.178,0.040,0.983,-2.25,1.60,-4.89
 -0.178,0.043,0.981,0.47,0.44,-1.42
 -0.179,0.042,0.985,-0.31,2.52,1.42
 -0.178,0.043,0.984,2.42,1.06,1.03
 -0.181,0.044,0.982,-0.55,1.55,-0.86
 -0.181,0.043,0.984,-1.98,2.09,0.47
 -0.181,0.045,0.984,1.24,1.02,1.12
 -0.229,-0.290,0.834,-7.58,5.15,-4.44
 -0.159,-0.011,0.973,-6.29,-9.82,-12.03
 -0.152,0.032,1.001,-0.86,-12.27,-9.55
 -0.176,0.010,0.976,-1.34,-7.43,-11.09
 -0.122,0.010,0.994,1.38,-3.84,-6.79
 -0.149,0.002,0.976,-1.23,-14.97,-3.59
 -0.211,0.025,1.004,0.95,-33.46,-8.24
 -0.258,0.068,0.949,-0.70,-55.59,9.93
 -0.046,0.015,0.996,-3.08,-18.34,4.92
 -0.051,0.021,0.999,-2.35,-4.16,30.98
 -0.049,0.015,1.000,0.41,-0.48,7.90
 -0.046,0.021,0.997,0.28,0.29,-2.09
 -0.049,0.018,0.997,-0.52,0.12,0.37
 -0.049,0.017,0.996,0.30,-0.54,-3.35
 -0.046,0.020,1.000,0.99,-1.17,-2.20
 -0.046,0.015,0.997,0.49,-1.77,-3.24
 -0.046,0.018,0.999,0.40,2.50,-2.18
 -0.048,0.018,0.997,-0.00,0.20,1.24
 -0.046,0.015,0.998,0.51,0.76,3.82
 -0.047,0.014,0.998,0.72,1.70,3.53
 -0.043,0.009,0.999,2.65,2.44,-2.66
 -0.048,0.022,0.999,-1.42,1.02,-6.18
 -0.047,0.015,1.000,-0.27,0.08,2.32
 -0.046,0.016,0.998,-0.18,0.65,1.08
 -0.049,0.018,0.998,-0.39,1.73,3.74
 -0.047,0.018,0.997,-0.62,0.70,3.39
 -0.050,0.016,0.996,-0.83,-0.68,3.45
 -0.048,0.016,0.997,-0.54,-0.11,1.11
 -0.048,0.018,0.998,-0.63,0.14,-2.95
 -0.048,0.014,0.997,-1.63,-1.60,-0.81
 -0.047,0.019,0.998,0.11,0.19,0.61
 -0.048,0.016,0.998,0.18,-2.55,1.99
 -0.051,0.018,0.998,0.94,1.03,1.60
 -0.049,0.019,0.996,-0.09,0.26,2.36
 -0.047,0.018,0.996,-1.40,-1.95,3.50
 -0.050,0.016,1.000,0.27,1.09,1.29
 -0.049,0.016,0.996,0.31,0.84,2.46
 -0.049,0.017,0.997,1.25,0.42,-2.96
 -0.046,0.018,0.997,-0.32,0.92,0.37
 -0.050,0.016,0.997,0.31,0.51,2.48
 -0.048,0.017,0.998,-1.58,-0.69,-3.33
 -0.048,0.016,0.997,-2.61,0.51,-4.42
 -0.047,0.017,0.995,-0.62,-0.78,-1.39
 -0.046,0.017,0.996,0.76,0.23,0.69
 -0.051,0.019,0.999,0.04,0.90,1.62
 -0.049,0.016,0.997,0.83,0.38,1.79
 -0.051,0.017,0.997,-3.49,-1.48,1.20
 -0.048,0.015,0.998,-1.64,-0.22,-0.11
 -0.049,0.018,0.996,0.25,-0.86,-2.27
 -0.047,0.015,0.997,0.71,0.44,-0.24
 -0.047,0.018,0.998,-1.89,-2.38,-2.78
 -0.052,0.017,0.998,-1.37,-0.72,-0.11
 -0.047,0.016,0.997,-0.24,0.27,0.08
 -0.049,0.017,0.999,-1.19,1.87,-1.14
 -0.049,0.017,0.998,-1.68,-1.91,1.08
 -0.047,0.017,0.998,0.90,0.67,0.52
 -0.047,0.018,0.999,-0.22,0.50,-1.12
 -0.047,0.017,0.996,-2.67,-0.97,-4.18
 -0.046,0.018,1.000,-3.75,-1.59,-2.20
 -0.048,0.016,0.996,-2.17,-0.99,-0.95
 -0.048,0.020,0.997,0.77,1.96,-1.27
 -0.049,0.016,0.997,-2.23,0.87,-1.45
 -0.048,0.016,0.996,0.33,-0.85,-3.57
 -0.046,0.019,0.996,-1.67,-1.75,0.15
 -0.050,0.016,0.998,0.72,1.28,0.47
 -0.049,0.017,0.996,0.39,1.97,0.60
 -0.049,0.018,1.000,-2.52,-0.32,-4.09
 -0.049,0.018,0.998,-1.01,-2.21,-2.90
 -0.048,0.018,0.998,1.27,-1.26,-0.39
 -0.050,0.015,0.999,1.38,-1.90,-2.63
 -0.049,0.015,1.000,-0.03,0.75,-1.94
 -0.050,0.021,1.000,1.73,-0.80,0.16
 -0.049,0.016,0.997,-1.00,0.03,-0.87
 -0.049,0.016,0.996,0.38,-1.56,3.23
 -0.046,0.018,0.998,-2.22,-1.54,0.88
 -0.050,0.016,0.997,0.33,-1.25,0.45
 -0.049,0.018,0.996,0.78,1.33,0.21
 -0.049,0.018,0.998,0.48,1.42,3.63
 -0.049,0.016,0.998,-1.09,1.01,1.25
 -0.046,0.016,0.999,-2.73,-0.58,0.79
 -0.048,0.017,0.998,-3.06,2.26,1.73
 -0.049,0.017,1.000,-0.02,0.15,4.53
 -0.047,0.019,0.999,-0.29,-0.36,2.04
 -0.050,0.016,0.999,-0.94,-0.52,-3.03
 -0.049,0.019,0.998,-0.47,-2.14,-0.08
 -0.049,0.019,0.997,-1.11,0.25,0.91
 -0.046,0.016,0.997,-1.99,-2.44,-2.43
 -0.050,0.015,0.996,-0.90,-2.44,-2.12
 -0.049,0.017,0.998,-0.43,-1.10,-4.46
 -0.048,0.016,0.999,-2.55,1.21,-0.40
 -0.050,0.018,0.998,-0.40,2.45,3.13
 -0.050,0.020,0.998,-1.05,-1.04,-1.91
 -0.049,0.018,0.998,-0.98,-2.77,0.15
 -0.047,0.017,1.000,0.56,-0.95,2.30
 -0.048,0.017,0.998,-1.91,0.91,-0.09
 -0.051,0.015,0.997,0.46,-1.61,0.32
 -0.049,0.018,0.996,1.55,-0.42,4.43
 -0.049,0.017,0.998,-0.14,-2.21,-0.62
 -0.047,0.016,0.999,0.36,0.65,0.87
 -0.051,0.015,0.998,-0.13,-1.31,-1.71
 -0.049,0.017,0.995,0.23,1.13,2.88
 -0.050,0.018,0.998,0.06,-2.34,-1.93
 -0.050,0.018,0.997,-1.95,0.36,0.54
 -0.049,0.019,0.999,1.10,0.45,3.49
 -0.049,0.018,1.000,-0.04,-0.64,4.25
 -0.048,0.017,0.996,-0.56,-0.03,-0.09
 -0.049,0.017,0.998,0.12,-0.44,3.95
 -0.046,0.017,1.000,1.78,-0.09,2.76
 -0.049,0.019,0.998,1.71,-0.76,-0.60
 -0.052,0.018,0.999,0.41,2.20,1.91
 -0.048,0.019,0.996,-0.90,-0.38,2.07
 -0.053,0.018,0.996,-0.58,1.38,5.35
 -0.049,0.017,0.998,0.43,-0.48,0.80
 -0.049,0.016,1.000,1.42,-1.04,-2.33
 -0.049,0.020,0.998,2.19,-1.25,0.06
 -0.049,0.016,0.998,-0.43,-1.71,0.43
 -0.048,0.018,0.997,-1.41,-1.01,2.87
 -0.049,0.018,0.996,-0.19,0.71,1.72
 -0.047,0.018,0.997,-0.35,-0.82,0.65
 -0.048,0.020,0.997,-1.84,-0.53,-0.63
 -0.051,0.019,0.998,0.08,1.04,-2.09
 -0.049,0.017,0.998,-0.08,-1.47,-0.57
 -0.049,0.018,0.996,1.87,-1.02,1.67
 -0.049,0.018,0.996,-1.86,-1.47,-1.95
 -0.049,0.022,0.997,1.64,-0.11,1.99
 -0.048,0.021,0.998,2.06,0.23,-1.53
 -0.050,0.023,0.998,1.78,-1.15,-0.43
 -0.051,0.023,0.996,2.90,-0.93,1.85
 -0.048,0.026,0.994,2.23,0.80,2.14
 -0.040,0.018,1.006,5.40,2.50,10.81
 0.060,0.092,1.080,14.17,35.07,-65.74
 -0.034,0.075,1.013,14.80,4.87,4.26
 -0.208,0.008,0.909,13.03,6.73,-9.52
 -0.042,0.080,1.035,-7.88,1.11,-2.50
 -0.077,0.061,1.013,7.47,1.79,0.32
 -0.126,0.046,0.964,3.53,1.65,-0.40
 -0.098,0.053,1.003,-3.64,1.91,1.47
 -0.097,0.057,0.997,3.94,3.20,-4.65
 -0.110,0.055,0.985,-1.33,1.42,0.49
 -0.104,0.054,0.997,-0.49,-0.71,-0.73
 -0.107,0.060,0.988,0.62,2.29,3.05
 -0.106,0.057,0.995,0.82,4.56,-0.01
 -0.108,0.059,0.990,1.63,2.37,-0.56
 -0.106,0.060,0.993,-2.32,-0.23,1.57
 -0.109,0.055,0.994,-0.80,-0.80,0.61
 -0.112,0.058,0.989,2.18,2.48,4.80
 -0.110,0.059,0.993,0.14,-0.61,-1.47
 -0.107,0.059,0.994,-1.08,2.30,0.92
 -0.107,0.060,0.992,-2.07,1.50,4.19
 -0.111,0.059,0.992,-0.34,-2.01,-1.30
 -0.111,0.057,0.990,-0.28,-1.56,3.65
 -0.109,0.059,0.992,-0.31,0.01,1.09
 -0.108,0.060,0.995,-2.37,-1.54,-3.13
 -0.114,0.058,0.991,-1.62,1.22,-2.95
 -0.111,0.057,0.991,0.11,0.89,0.18
 -0.110,0.060,0.993,0.26,-0.15,-1.58
 -0.113,0.060,0.993,1.46,-1.04,3.51
 -0.114,0.059,0.994,0.23,-1.38,0.09
 -0.108,0.061,0.994,-0.27,1.37,3.54
 -0.110,0.060,0.994,-1.06,-0.18,-1.39
 -0.113,0.059,0.994,-0.73,1.56,1.10
 -0.114,0.058,0.991,0.09,-2.42,0.63
 -0.111,0.062,0.993,-0.13,1.10,0.11
 -0.114,0.060,0.990,0.26,-0.43,-1.19
 -0.112,0.060,0.993,-2.59,0.24,-1.51
 -0.114,0.057,0.991,-1.03,-0.17,-1.07
 -0.115,0.059,0.989,-3.00,-0.61,-0.51
 -0.114,0.061,0.986,1.87,-0.55,2.37
 -0.117,0.061,0.994,1.42,0.92,-1.04
 -0.113,0.066,0.991,1.85,0.85,-0.37
 -0.113,0.061,0.992,0.65,0.89,0.26
 -0.115,0.059,0.988,-1.48,-0.32,1.75
 -0.117,0.062,0.992,1.00,0.81,-0.55
 -0.115,0.063,0.991,1.29,0.20,-2.64
 -0.116,0.060,0.992,-0.49,0.45,1.10
 -0.115,0.060,0.990,-1.34,1.11,-1.94
 -0.140,0.048,0.968,-4.43,-0.44,6.15
 -0.111,0.049,0.995,-4.11,-0.06,4.83
 -0.108,0.046,0.992,-1.74,2.94,-4.38
 -0.154,0.080,0.991,0.18,5.72,-10.70
 -0.114,0.056,0.996,3.38,5.66,-9.23
 -0.130,0.047,0.990,4.16,7.79,-10.41
 -0.138,0.047,0.994,4.06,9.11,-14.07
 -0.151,0.054,0.985,5.43,17.20,-5.88
 -0.174,0.058,0.986,3.36,13.15,1.33
 -0.190,0.060,0.984,4.04,10.46,5.27
 -0.147,0.070,0.996,0.32,14.65,9.56
 -0.198,0.076,0.971,4.32,13.18,6.70
 -0.210,0.077,0.978,2.20,16.36,9.78
 -0.193,0.077,0.996,1.34,36.42,4.36
 -0.264,0.085,0.965,2.49,36.74,-1.31
 -0.289,0.084,0.956,7.11,34.52,-7.69
 -0.323,0.085,0.954,7.01,35.48,-7.04
 -0.355,0.088,0.935,7.08,30.28,-1.57
 -0.353,0.092,0.931,1.84,26.17,5.70
 -0.361,0.104,0.924,3.26,25.78,-2.11
 -0.404,0.098,0.917,3.44,24.79,1.77
 -0.426,0.104,0.902,2.33,19.91,-0.66
 -0.431,0.103,0.903,3.83,26.35,-7.97
 -0.463,0.101,0.881,3.59,27.07,-8.98
 -0.482,0.101,0.866,5.52,20.80,-8.18
 -0.491,0.101,0.864,4.69,19.81,-5.80
 -0.511,0.107,0.857,4.71,18.60,-5.92
 -0.521,0.105,0.855,1.40,14.52,-2.96
 -0.530,0.106,0.831,3.51,12.44,-3.73
 -0.536,0.108,0.842,1.30,3.58,2.38
 -0.565,0.104,0.840,5.79,10.53,-0.02
 -0.541,0.109,0.832,-0.39,4.63,5.30
 -0.532,0.113,0.848,-0.67,2.47,2.84
 -0.537,0.113,0.829,0.59,12.93,-2.27
 -0.571,0.114,0.817,-1.51,2.91,3.15
 -0.553,0.112,0.840,0.32,3.70,1.16
 -0.562,0.112,0.826,1.97,-2.45,-0.74
 -0.555,0.111,0.835,-1.07,-4.54,-0.19
 -0.553,0.104,0.828,2.44,-0.95,-0.67
 -0.558,0.105,0.833,1.60,-2.17,-0.46
 -0.556,0.108,0.836,2.30,-2.02,-3.29
 -0.554,0.106,0.840,1.96,1.05,-4.89
 -0.557,0.106,0.826,3.16,6.74,-1.25
 -0.552,0.102,0.829,3.89,1.82,-1.26
 -0.549,0.100,0.840,6.52,3.11,-5.30
 -0.556,0.101,0.824,2.53,-0.91,-2.22
 -0.558,0.101,0.838,-1.27,-5.72,-2.68
 -0.548,0.095,0.836,-6.84,-9.21,-4.47
 -0.542,0.091,0.845,-5.16,-9.13,-1.67
 -0.541,0.086,0.845,-7.12,-8.90,-3.99
 -0.527,0.068,0.856,-16.59,-10.91,-5.68
 -0.520,0.041,0.859,-27.29,-18.46,-8.60
 -0.498,0.026,0.880,-41.41,-24.24,-16.66
 -0.488,0.007,0.887,-67.73,-33.12,-29.98
 -0.451,-0.042,0.905,-68.12,-45.50,-25.84
 -0.410,-0.151,0.890,-32.95,-29.22,-11.68
 -0.388,-0.177,0.895,-19.37,-28.33,-6.22
 -0.354,-0.185,0.914,-20.11,-49.28,-3.06
 -0.315,-0.193,0.932,-17.19,-42.39,-0.69
 -0.290,-0.198,0.944,-9.63,-34.97,-1.22
 -0.260,-0.205,0.962,-14.98,-32.76,1.82
 -0.232,-0.237,0.949,-38.88,-26.55,1.23
 -0.238,-0.274,0.943,-23.51,-16.35,1.36
 -0.246,-0.260,0.927,24.31,16.71,-0.23
 -0.255,-0.218,0.923,51.60,25.88,-0.32
 -0.289,-0.165,0.938,60.52,26.87,-3.94
 -0.310,-0.106,0.953,49.87,15.54,3.83
 -0.313,-0.086,0.947,29.63,25.39,5.32
 -0.334,-0.060,0.986,33.25,23.90,4.60
 -0.368,-0.048,0.959,45.49,15.27,-0.34
 -0.365,0.026,0.951,47.13,-6.33,-0.64
 -0.307,0.027,0.898,38.71,-13.33,9.23
 -0.305,0.087,0.917,27.00,-1.28,12.62
 -0.321,0.087,0.909,29.94,-2.91,-4.87
 -0.323,0.123,0.931,36.14,-5.73,-19.83
 -0.329,0.161,0.948,36.72,-12.09,-11.37
 -0.331,0.170,0.935,11.86,-9.98,-0.57
 -0.291,0.186,0.947,4.29,-22.09,8.17
 -0.348,0.180,0.973,-0.11,-24.93,11.37
 -0.298,0.174,0.970,-4.19,-24.60,20.74
 -0.234,0.182,0.961,-10.50,-23.14,20.49
 -0.218,0.170,0.982,-19.58,-18.70,5.96
 -0.204,0.130,0.965,-37.95,-15.37,-0.88
 -0.157,0.073,0.987,-70.63,-25.93,-12.01
 -0.166,0.013,0.988,-64.21,-22.62,-5.73
 -0.150,-0.029,0.987,-43.59,-18.92,-1.25
 -0.125,-0.052,0.994,-31.69,-25.02,-5.42
 -0.084,-0.067,0.999,-17.82,-30.70,-5.86
 -0.075,-0.067,1.011,-5.58,-27.40,-3.40
 -0.065,-0.082,0.972,0.00,-36.26,0.96
 -0.027,-0.071,1.011,-1.95,-42.34,3.71
 0.009,-0.085,0.974,-5.02,-41.68,6.30
 0.074,-0.089,0.992,-11.22,-39.19,11.01
 0.111,-0.096,0.987,-9.12,-44.29,9.00
 0.133,-0.106,0.963,-10.64,-42.48,4.09
 0.159,-0.119,0.971,-6.43,-31.52,6.58
 0.137,-0.104,1.036,4.53,-24.27,4.92
 0.215,-0.111,0.932,3.72,-28.62,4.72
 0.225,-0.111,0.955,0.38,-23.08,3.14
 0.244,-0.120,0.924,2.74,3.63,2.65
 0.274,-0.103,0.938,7.08,7.69,6.31
 0.220,-0.114,0.916,17.28,10.76,-2.47
 0.241,-0.069,0.990,19.45,-16.80,2.51
 0.255,-0.081,0.879,9.18,-25.45,9.77
 0.258,-0.068,0.965,-1.95,0.74,2.94
 0.259,-0.070,0.952,2.67,-13.87,4.19
 0.290,-0.092,0.944,3.60,-19.14,16.97
 0.319,-0.074,0.922,1.55,-4.85,14.84
 0.284,-0.077,0.936,4.57,-1.63,2.29
 0.298,-0.070,0.949,3.63,-3.30,-3.28
 0.254,-0.088,0.958,0.27,-4.68,0.23
 0.313,-0.065,0.943,7.87,-10.55,-10.84
 0.328,-0.062,0.947,3.43,-18.40,-5.88
 0.344,-0.062,0.923,-7.62,-34.20,-4.01
 0.379,-0.060,0.918,-3.49,-24.14,-5.05
 0.367,-0.065,0.909,-6.36,-6.45,-3.19
 0.391,-0.086,0.929,-5.47,0.38,11.33
 0.371,-0.085,0.905,-0.07,-5.87,8.41
 0.381,-0.079,0.921,3.29,-8.07,3.92
 0.393,-0.066,0.924,1.58,-10.23,3.97
 0.366,-0.064,0.949,7.57,-20.70,8.39
 0.428,-0.076,0.899,8.76,-20.44,5.64
 0.434,-0.065,0.884,2.35,-18.09,0.31
 0.445,-0.070,0.881,1.10,-12.48,2.80
 0.446,-0.076,0.885,-1.53,10.66,3.21
 0.416,-0.074,0.890,-1.12,29.18,0.56
 0.386,-0.075,0.908,-0.87,54.26,0.39
 0.345,-0.077,0.912,1.68,63.56,-3.43
 0.289,-0.066,0.955,0.18,29.31,-1.45
 0.300,-0.068,0.954,-1.03,32.47,-3.64
 0.252,-0.067,0.963,-2.71,38.90,-7.02
 0.209,-0.067,0.972,-0.95,49.27,-8.05
 0.176,-0.058,0.977,1.66,36.35,-3.82
 0.113,-0.049,0.984,7.74,38.05,1.21
 0.082,-0.035,1.007,14.90,60.21,-4.32
 0.018,-0.026,0.991,9.02,44.48,-9.73
 -0.008,-0.020,1.004,5.48,34.99,-8.77
 -0.022,-0.008,1.004,15.80,45.43,-12.01
 -0.080,0.005,0.982,19.87,39.08,-12.80
 -0.097,0.016,0.995,13.55,31.56,-12.77
 -0.141,0.030,0.982,12.67,40.25,-7.44
 -0.164,0.031,0.974,10.91,36.86,-5.50
 -0.199,0.051,1.000,6.61,47.90,-7.34
 -0.245,0.043,0.961,5.40,36.34,-8.27
 -0.274,0.060,0.968,7.87,20.18,-3.45
 -0.276,0.069,0.976,6.30,4.37,-1.19
 -0.285,0.087,0.972,8.80,11.49,1.21
 -0.305,0.079,0.954,9.69,11.42,1.32
 -0.287,0.077,0.940,5.52,12.49,3.79
 -0.280,0.068,0.934,4.46,13.94,1.35
 -0.289,0.075,0.935,4.26,12.00,0.68
 -0.306,0.085,0.944,3.76,13.61,-8.83
 -0.327,0.088,0.944,-3.72,4.25,-11.48
 -0.343,0.079,0.949,-6.62,10.70,-15.49
 -0.354,0.052,0.942,-17.53,13.68,-10.33
 -0.362,0.023,0.930,-26.82,8.50,-7.65
 -0.374,0.002,0.935,-31.47,11.45,-11.98
 -0.372,-0.034,0.922,-35.02,9.49,-12.44
 -0.382,-0.059,0.927,-21.78,5.68,-9.54
 -0.371,-0.074,0.903,-16.79,10.18,-11.58
 -0.401,-0.101,0.902,-20.07,8.12,-9.83
 -0.392,-0.099,0.947,-17.02,7.36,-6.28
 -0.411,-0.117,0.917,-18.16,1.31,-3.91
 -0.404,-0.134,0.922,-27.76,-0.51,-9.67
 -0.387,-0.175,0.900,-24.50,-3.81,-0.39
 -0.381,-0.189,0.905,-17.92,-9.08,-0.73
 -0.386,-0.151,0.922,-6.86,-7.63,8.05
 -0.364,-0.186,0.887,-3.07,-16.98,4.75
 -0.353,-0.173,0.928,-1.25,-25.57,9.36
 -0.331,-0.181,0.935,-10.07,-42.27,7.81
 -0.278,-0.190,0.939,-12.95,-41.46,10.43
 -0.246,-0.191,0.949,-3.70,-42.86,11.22
 -0.226,-0.192,0.956,-4.00,-39.86,7.97
 -0.195,-0.190,0.973,-1.58,-41.72,8.67
 -0.174,-0.194,0.977,4.34,-36.24,13.87
 -0.125,-0.181,0.959,1.02,-36.05,12.45
 -0.093,-0.182,0.975,4.33,-40.62,7.35
 -0.061,-0.180,0.980,5.25,-34.75,3.80
 -0.033,-0.166,0.984,8.07,-31.66,4.50
 -0.029,-0.146,0.989,15.99,-35.10,1.94
 0.031,-0.098,1.012,36.37,-14.98,-3.61
 0.040,-0.042,1.021,36.42,-18.82,0.58
 0.056,0.009,1.012,46.91,-20.81,10.94
 0.081,0.076,1.010,86.06,-8.56,36.75
 0.099,0.127,0.913,80.38,-3.87,43.14
 0.129,0.216,0.966,47.18,1.58,12.55
 0.090,0.253,0.992,40.57,12.27,-16.30
 0.059,0.304,0.987,51.77,31.55,-29.06
 0.016,0.339,0.942,53.98,52.31,-27.33
 0.026,0.282,0.889,31.68,48.33,-29.25
 -0.109,0.370,0.927,10.18,58.70,-50.41
 -0.140,0.302,0.886,2.09,74.59,-50.89
 -0.306,0.338,0.885,-4.25,75.02,-39.91
 -0.310,0.299,0.890,-39.37,55.96,-24.11
 -0.380,0.271,0.888,-63.81,60.94,-10.75
 -0.428,0.234,0.883,-56.12,55.22,1.49
 -0.417,0.157,0.887,-66.81,53.32,-3.16
 -0.483,0.094,0.891,-78.31,18.49,-13.50
 -0.507,0.040,0.868,-88.67,0.40,-27.91
 0.000,0.000,0.000,-37.54,0.36,-11.48
 0.000,0.000,0.000,-28.21,0.35,-8.49
 0.000,0.000,0.000,-21.22,0.35,-6.24
 0.000,0.000,0.000,-12.04,0.34,-3.29
 0.000,0.000,0.000,-9.08,0.34,-2.34
 0.000,0.000,0.000,-6.87,0.33,-1.63
